player_name,pred_ppg_2025,pos_rank_2025,position,overall_rank_2025
jayden daniels,22.595971924603145,1,QB,1
josh allen,22.562513095238092,2,QB,2
jalen hurts,22.513206547619035,3,QB,3
lamar jackson,22.21119632936508,4,QB,4
baker mayfield,20.06774097222221,5,QB,5
bo nix,19.744842559523807,6,QB,6
joe burrow,19.147819246031748,7,QB,7
jared goff,18.51025327380952,8,QB,8
brock purdy,18.209319237012974,9,QB,9
justin herbert,18.08802896825397,10,QB,10
derrick henry,17.860590773809516,1,RB,11
sam darnold,17.769035515873004,11,QB,12
kyler murray,17.376409920634913,12,QB,13
tua tagovailoa,16.381635813492053,13,QB,14
jahmyr gibbs,16.205092559523788,2,RB,15
aaron rodgers,16.144607539682532,14,QB,16
bijan robinson,15.924242857142847,3,RB,17
patrick mahomes,15.881821031746044,15,QB,18
geno smith,15.710306015512247,16,QB,19
jamarr chase,15.429621130952384,1,WR,20
james conner,15.28263988095237,4,RB,21
justin jefferson,15.183420553751796,2,WR,22
saquon barkley,15.019321130952392,5,RB,23
chuba hubbard,14.45698541666666,6,RB,24
joe mixon,14.19526488095238,7,RB,25
ceedee lamb,14.042443750000004,3,WR,26
kyren williams,13.832744642857138,8,RB,27
davante adams,13.811281646825389,4,WR,28
david montgomery,13.735527876984133,9,RB,29
jonathan taylor,13.688733134920628,10,RB,30
chase brown,13.641593750000002,11,RB,31
josh jacobs,13.637155952380944,12,RB,32
tee higgins,13.617869660894664,5,WR,33
cj stroud,13.495555654761892,17,QB,34
alvin kamara,13.476139880952381,13,RB,35
matthew stafford,13.474611201298686,18,QB,36
jk dobbins,13.324479960317467,14,RB,37
nico collins,13.288712797619063,6,WR,38
devon achane,13.066838095238092,15,RB,39
malik nabers,13.04646577380953,7,WR,40
cooper rush,12.920853273809525,19,QB,41
mike evans,12.907169543650802,8,WR,42
puka nacua,12.902021130952383,9,WR,43
brian thomas,12.898771130952388,10,WR,44
mitchell trubisky,12.85984126984127,20,QB,45
drake london,12.698359623015882,11,WR,46
terry mclaurin,12.62051428571428,12,WR,47
tony pollard,12.602575793650793,16,RB,48
james cook,12.53333392857143,17,RB,49
drake maye,12.529780059523807,21,QB,50
jordan love,12.488209027777769,22,QB,51
joe flacco,12.478901920995678,23,QB,52
kirk cousins,12.39262132936507,24,QB,53
caleb williams,12.337863392857143,25,QB,54
aj brown,12.298923206654464,13,WR,55
justin fields,12.214546536796533,26,QB,56
aaron jones,12.178961958874455,18,RB,57
kenneth walker,12.172336111111113,19,RB,58
chris godwin,12.081672835497834,14,WR,59
derek carr,12.053571130952372,27,QB,60
amon ra st brown,11.960808730158735,15,WR,61
breece hall,11.937917063492069,20,RB,62
bucky irving,11.935647123015874,21,RB,63
tyreek hill,11.901070436507949,16,WR,64
najee harris,11.638192658730157,22,RB,65
dak prescott,11.624761255411256,28,QB,66
deshaun watson,11.451778345959593,29,QB,67
calvin ridley,11.450926307720062,17,WR,68
courtland sutton,11.40619176587301,18,WR,69
gardner minshew,11.402521924603176,30,QB,70
austin ekeler,11.338224305555556,23,RB,71
russell wilson,11.33602033730158,31,QB,72
aidan oconnell,11.3331193452381,32,QB,73
mac jones,11.310034623015865,33,QB,74
rhamondre stevenson,11.203963492063497,24,RB,75
george kittle,11.153174107142856,1,TE,76
daniel jones,11.14962090548341,34,QB,77
cooper kupp,10.984464186507944,19,WR,78
jameson williams,10.966814411976918,20,WR,79
jerry jeudy,10.948479067460317,21,WR,80
dj moore,10.923028571428583,22,WR,81
anthony richardson,10.881402380952386,35,QB,82
stefon diggs,10.865247718253972,23,WR,83
jacoby brissett,10.863950595238093,36,QB,84
will levis,10.79397837301587,37,QB,85
devonta smith,10.758346726190478,24,WR,86
jameis winston,10.670672718253973,38,QB,87
jakobi meyers,10.65055386904762,25,WR,88
darnell mooney,10.647860218253967,26,WR,89
mason rudolph,10.611796825396821,39,QB,90
zay flowers,10.54939950396825,27,WR,91
tanner mckee,10.52041422258298,40,QB,92
drew lock,10.515867631673881,41,QB,93
jauan jennings,10.389590476190474,28,WR,94
kareem hunt,10.381497519841254,25,RB,95
dandre swift,10.340034623015868,26,RB,96
dk metcalf,10.333424503968264,29,WR,97
marvin harrison,10.33180992063492,30,WR,98
adam thielen,10.325154861111116,31,WR,99
skylar thompson,10.283336904761917,42,QB,100
jonnu smith,10.241649107142848,2,TE,101
malik willis,10.213434686147181,43,QB,102
ladd mcconkey,10.182326686507935,32,WR,103
garrett wilson,10.152421329365087,33,WR,104
rico dowdle,10.111054761904757,27,RB,105
jordan mason,10.019750099206352,28,RB,106
feleipe franks,9.997855005411271,44,QB,107
jordan addison,9.894306051587302,34,WR,108
rachaad white,9.888264682539676,29,RB,109
bryce young,9.736348015873022,45,QB,110
joe milton,9.713461507936497,46,QB,111
sam hartman,9.690089564602067,47,QB,112
jimmy garoppolo,9.666700090187584,48,QB,113
keenan allen,9.55425178571429,35,WR,114
marcus mariota,9.490964944083695,49,QB,115
josh downs,9.41536252705628,36,WR,116
deebo samuel,9.342311607142866,37,WR,117
hendon hooker,9.318162499999993,50,QB,118
zach charbonnet,9.310526488095237,30,RB,119
christian mccaffrey,9.286470535714285,31,RB,120
jaxon smith njigba,9.27283888888889,38,WR,121
brock bowers,9.247321924603176,3,TE,122
brian robinson,9.205053571428568,32,RB,123
quentin johnston,9.086461507936512,39,WR,124
david njoku,9.032659920634918,4,TE,125
xavier worthy,8.884369444444443,40,WR,126
gus edwards,8.72127113095237,33,RB,127
trey mcbride,8.669129265873012,5,TE,128
taysom hill,8.488660515873015,6,TE,129
tyrod taylor,8.470228273809532,51,QB,130
travis kelce,8.438649206349208,7,TE,131
michael pittman,8.411030059523819,41,WR,132
george pickens,8.364200793650788,42,WR,133
nick westbrook ikhine,8.253637003968258,43,WR,134
allen lazard,8.221780357142858,44,WR,135
jarrett stidham,8.203830400849156,52,QB,136
rome odunze,8.19049583333333,45,WR,137
dallas goedert,8.138631746031745,8,TE,138
jayden reed,8.115864610389616,46,WR,139
christian watson,8.029643948412705,47,WR,140
tucker kraft,7.957756250000004,9,TE,141
tank bigsby,7.921082638888891,34,RB,142
braelon allen,7.8914933261183196,35,RB,143
jaylen waddle,7.882692162698413,48,WR,144
tommy devito,7.779021942640693,53,QB,145
tyjae spears,7.759312400793648,36,RB,146
khalil shakir,7.740613023088026,49,WR,147
trevor lawrence,7.656297907647916,54,QB,148
nick chubb,7.575282837301583,37,RB,149
gabe davis,7.562147619047611,50,WR,150
joshua dobbs,7.518863988095244,55,QB,151
wandale robinson,7.514293559218561,51,WR,152
kyle allen,7.48073928571428,56,QB,153
demario douglas,7.470001289682536,52,WR,154
marquez valdes scantling,7.460430952380953,53,WR,155
keon coleman,7.316627480158736,54,WR,156
rashid shaheed,7.301457936507936,55,WR,157
alexander mattison,7.295532142857135,38,RB,158
jalen milroe,7.243594850288607,57,QB,159
jaxson dart,7.243594850288606,58,QB,160
kyle mccord,7.243594850288606,59,QB,161
quinn ewers,7.243594850288605,61,QB,162
dillon gabriel,7.243594850288605,65,QB,163
shedeur sanders,7.243594850288605,62,QB,164
riley leonard,7.243594850288605,64,QB,165
will howard,7.243594850288605,60,QB,166
jj mccarthy,7.243594850288605,63,QB,167
cameron ward,7.243594850288603,66,QB,168
roschon johnson,7.241912996031738,39,RB,169
zach wilson,7.22661211219337,67,QB,170
zack moss,7.137849900793655,40,RB,171
kenny pickett,7.129757738095229,68,QB,172
ray ray mccloud,7.120295833333333,56,WR,173
hunter cantwell,7.11461568362194,69,QB,174
devin leary,7.11461568362194,70,QB,175
brett smith,7.114615683621939,80,QB,176
seth henigan,7.114615683621939,74,QB,177
brady cook,7.114615683621939,72,QB,178
john rhys plumlee,7.114615683621939,71,QB,179
cam miller,7.114615683621939,78,QB,180
ben wooldridge,7.114615683621939,77,QB,181
connor bazelak,7.114615683621939,73,QB,182
payton thorne,7.114615683621939,76,QB,183
adrian martinez,7.114615683621939,79,QB,184
carter bradley,7.114615683621939,75,QB,185
sean clifford,7.114615683621938,89,QB,186
will grier,7.114615683621938,96,QB,187
tyler shough,7.114615683621938,90,QB,188
john wolford,7.114615683621938,95,QB,189
michael pratt,7.114615683621938,94,QB,190
dj uiagalelei,7.114615683621938,87,QB,191
tommy mellott,7.114615683621938,91,QB,192
jason bean,7.114615683621938,88,QB,193
dresser winn,7.114615683621938,92,QB,194
kedon slovis,7.114615683621938,93,QB,195
case keenum,7.114615683621938,97,QB,196
kurtis rourke,7.114615683621938,99,QB,197
graham mertz,7.114615683621938,84,QB,198
easton stick,7.114615683621938,82,QB,199
garrett greene,7.114615683621938,83,QB,200
shane buechele,7.114615683621938,81,QB,201
max brosmer,7.114615683621938,86,QB,202
stetson bennett,7.114615683621938,98,QB,203
erik ainge,7.114615683621938,85,QB,204
ben chappell,7.114615683621937,102,QB,205
adam froman,7.114615683621937,106,QB,206
malik cunningham,7.114615683621937,103,QB,207
jack plummer,7.114615683621937,104,QB,208
taylor elgersma,7.114615683621937,105,QB,209
sam ehlinger,7.114615683621937,107,QB,210
teddy bridgewater,7.114615683621937,100,QB,211
brett rypien,7.114615683621937,101,QB,212
cade otton,7.098297943722949,10,TE,213
diontae johnson,7.074374377705628,57,WR,214
sam laporta,7.029901488095238,11,TE,215
deandre hopkins,7.021719940476197,58,WR,216
curtis samuel,7.003105654761899,59,WR,217
zach ertz,6.998162400793652,12,TE,218
darius slayton,6.9534535714285735,60,WR,219
emanuel wilson,6.879910416666672,41,RB,220
evan engram,6.872022916666666,13,TE,221
jalen mcmillan,6.862354761904763,61,WR,222
dalton schultz,6.824951587301587,14,TE,223
romeo doubs,6.821520932539685,62,WR,224
christian kirk,6.784679509379512,63,WR,225
jake browning,6.781638997807746,108,QB,226
noah brown,6.767755753968257,64,WR,227
alec pierce,6.763390575396823,65,WR,228
raheem mostert,6.733076388888889,42,RB,229
amari cooper,6.731591071428568,66,WR,230
tyler huntley,6.731129951298705,109,QB,231
hunter henry,6.725497321428566,15,TE,232
jalen tolbert,6.6867956349206406,67,WR,233
isaac guerendo,6.6769285714285695,43,RB,234
will dissly,6.6422515873015815,16,TE,235
kendrick bourne,6.6077053841991304,68,WR,236
devaughn vele,6.607123214285719,69,WR,237
davis mills,6.593928128815628,110,QB,238
tim boyle,6.5893483134920645,111,QB,239
antonio gibson,6.578584325396828,44,RB,240
spencer rattler,6.562625297619048,112,QB,241
devin singletary,6.552384424603174,45,RB,242
rashod bateman,6.537287934981687,70,WR,243
erik ezukanma,6.531136635178549,71,WR,244
xavier weaver,6.531136635178548,72,WR,245
chris rodriguez,6.525161904761901,46,RB,246
tyler lockett,6.5187449404761955,73,WR,247
josh reynolds,6.512161309523815,74,WR,248
cam akers,6.494298214285718,47,RB,249
kendre miller,6.48936736111111,48,RB,250
tay martin,6.488258333333335,75,WR,251
jalen coker,6.4857584325396855,76,WR,252
brandon aiyuk,6.480308973665226,77,WR,253
miles sanders,6.461921897546896,49,RB,254
sean tucker,6.402501984126982,50,RB,255
jake haener,6.374645985958489,113,QB,256
marquise brown,6.369112545093799,78,WR,257
rasheen ali,6.3009276785714246,51,RB,258
kalif raymond,6.288868750000003,79,WR,259
pat freiermuth,6.2803571428571425,17,TE,260
tyler higbee,6.232770436507938,18,TE,261
ty johnson,6.232170138888887,52,RB,262
audric estime,6.227397619047614,53,RB,263
calvin austin,6.209489880952385,80,WR,264
trey benson,6.205366964285714,54,RB,265
jalen nailor,6.203057440476191,81,WR,266
brandin cooks,6.189455925324677,82,WR,267
ray davis,6.155413690476188,55,RB,268
michael carter,6.154114484126992,56,RB,269
tre tucker,6.152842063492063,83,WR,270
mark andrews,6.1460437500000005,19,TE,271
demarcus robinson,6.121718154761903,84,WR,272
jaleel mclaughlin,6.094874999999994,57,RB,273
marvin mims,6.086386210317464,85,WR,274
tyler conklin,6.083760912698414,20,TE,275
kimani vidal,6.0816887896825405,58,RB,276
chris oladokun,6.06911420454546,114,QB,277
jaylen wright,6.019459424603173,59,RB,278
kavontae turpin,6.017227976190481,86,WR,279
parker washington,6.000491865079365,87,WR,280
mack hollins,5.967367261904767,88,WR,281
javonte williams,5.957860119047621,60,RB,282
josh johnson,5.947395238095242,115,QB,283
dontayvion wicks,5.9448523809523826,89,WR,284
tyler allgeier,5.932885119047615,61,RB,285
jake ferguson,5.919061706349206,21,TE,286
tyrone tracy,5.913233333333334,62,RB,287
tyson bagent,5.908662797619043,116,QB,288
kyle pitts,5.907500992063493,22,TE,289
rashee rice,5.884640178571428,90,WR,290
travis etienne,5.875818452380952,63,RB,291
xavier legette,5.872931737012989,91,WR,292
darren waller,5.864572321428565,23,TE,293
carson wentz,5.857557936507935,117,QB,294
tim patrick,5.831204166666669,92,WR,295
jerome ford,5.800258928571428,64,RB,296
dameon pierce,5.774788789682535,65,RB,297
justice hill,5.767188095238092,66,RB,298
tj hockenson,5.760962103174597,24,TE,299
jaylen warren,5.705121924603175,67,RB,300
greg dortch,5.691094940476189,93,WR,301
tank dell,5.661671924603179,94,WR,302
taylor heinicke,5.614186083361078,118,QB,303
mike gesicki,5.607495932539685,25,TE,304
sincere mccormick,5.528246230158719,68,RB,305
andy dalton,5.500947023809528,119,QB,306
ty chandler,5.400032738095239,69,RB,307
juwan johnson,5.363403571428568,26,TE,308
clayton tune,5.331699801587303,120,QB,309
austin hooper,5.328132142857144,27,TE,310
foster moreau,5.301045734126982,28,TE,311
kenneth gainwell,5.300249080086583,70,RB,312
nick mullens,5.294820734126981,121,QB,313
jase mcclellan,5.215898412698415,71,RB,314
kayshon boutte,5.189637896825401,95,WR,315
bailey zappe,5.153778075396828,122,QB,316
carson steele,5.140825189393942,72,RB,317
trey sermon,5.121982440476191,73,RB,318
blake corum,5.095742361111108,74,RB,319
kyle trask,5.065236147186144,123,QB,320
keaton mitchell,5.022124503968254,75,RB,321
khalil herbert,5.0048636904761885,76,RB,322
dalton kincaid,4.996870634920634,29,TE,323
chig okonkwo,4.9920850468975475,30,TE,324
chris olave,4.971268028499279,96,WR,325
ameer abdullah,4.963306349206349,77,RB,326
samaje perine,4.954222718253968,78,RB,327
noah gray,4.867968551587307,31,TE,328
trey lance,4.84118354978355,124,QB,329
elijah moore,4.835832646520143,97,WR,330
mike white,4.82720148809524,125,QB,331
ricky pearsall,4.807548809523811,98,WR,332
michael penix,4.791807440476194,126,QB,333
tyler badie,4.7800937500000025,79,RB,334
kristian wilkerson,4.771808820346316,99,WR,335
mike boone,4.744646924603175,80,RB,336
sam howell,4.698901172438675,127,QB,337
brandon allen,4.696259523809525,128,QB,338
isaiah davis,4.692891666666668,81,RB,339
aaron shampklin,4.641897916666667,82,RB,340
noah fant,4.61542628968254,32,TE,341
isiah pacheco,4.582184226190474,83,RB,342
zamir white,4.574324900793652,84,RB,343
tutu atwell,4.5419907738095215,100,WR,344
dare ogunbowale,4.535410416666666,85,RB,345
michael wilson,4.496361706349208,101,WR,346
dyami brown,4.4736376984127,102,WR,347
patrick taylor,4.467348511904761,86,RB,348
desmond ridder,4.445123511904761,129,QB,349
ezekiel elliott,4.382650000000003,87,RB,350
tyrell shavers,4.320031547619049,103,WR,351
marshawn lloyd,4.2585429563492045,88,RB,352
colby parkinson,4.249992361111111,33,TE,353
zay jones,4.226456746031745,104,WR,354
dorian thompson robinson,4.216292658730157,130,QB,355
adam trautman,4.2038868055555545,34,TE,356
jordan whittington,4.149369579725835,105,WR,357
jeff driskel,4.12512749819625,135,QB,358
jordan travis,4.12512749819625,134,QB,359
jake luton,4.12512749819625,131,QB,360
jaren hall,4.12512749819625,133,QB,361
trevor siemian,4.12512749819625,132,QB,362
cj beathard,4.125127498196249,138,QB,363
austin reed,4.125127498196249,137,QB,364
emory jones,4.125127498196249,136,QB,365
isaiah likely,4.103512797619049,35,TE,366
cole kmet,4.09231299603175,36,TE,367
aj barner,4.080270734126981,37,TE,368
troy franklin,4.059539285714289,106,WR,369
will shipley,4.008549603174601,89,RB,370
jordan mims,4.005677281746029,90,RB,371
emari demercado,3.9985249007936527,91,RB,372
juju smith schuster,3.996588392857145,107,WR,373
clyde edwards helaire,3.9854911706349223,92,RB,374
tyler johnson,3.9818464285714277,108,WR,375
jonathon brooks,3.9711162698412723,93,RB,376
kenny mcintosh,3.9634096230158717,94,RB,377
olamide zaccheaus,3.958271626984128,109,WR,378
cedric tillman,3.885519543650793,110,WR,379
craig reynolds,3.874233333333334,95,RB,380
donta foreman,3.860889186507939,96,RB,381
jeremy mcnichols,3.832091170634919,97,RB,382
david moore,3.812130555555554,111,WR,383
sterling shepard,3.805057142857145,112,WR,384
jake bobo,3.7809927579365046,113,WR,385
brenton strange,3.771674900793653,38,TE,386
jalen virgil,3.7692806547619053,114,WR,387
justin shorter,3.7692806547619053,115,WR,388
dawson knox,3.7547812499999993,39,TE,389
josh oliver,3.7216362103174596,40,TE,390
david bell,3.6828530212842674,116,WR,391
pierre strong,3.665435137085134,98,RB,392
tony jones,3.662021130952377,99,RB,393
steven sims,3.63517152777778,117,WR,394
jonathan mingo,3.603425523088025,118,WR,395
julius chestnut,3.575070923520926,100,RB,396
hassan haskins,3.548017559523812,101,RB,397
jatavion sanders,3.531653832972584,41,TE,398
jacob kibodi,3.494350595238097,102,RB,399
jj taylor,3.484118750000001,103,RB,400
adonai mitchell,3.4468205357142896,119,WR,401
chris brooks,3.425043452380954,104,RB,402
bub means,3.3937267857142865,120,WR,403
jalynn polk,3.3799398809523837,121,WR,404
elijah mitchell,3.379749007936512,105,RB,405
aj dillon,3.3797490079365105,106,RB,406
cedrick wilson,3.372099999999999,122,WR,407
tyler boyd,3.3542811507936467,123,WR,408
dante pettis,3.353240674603173,124,WR,409
jordan akins,3.344773611111107,42,TE,410
nelson agholor,3.3310291666666676,125,WR,411
george holani,3.302454067460316,107,RB,412
raheem blackshear,3.2994124999999968,108,RB,413
velus jones,3.2844238462925968,109,RB,414
kylen granson,3.2744615079365094,43,TE,415
grant calcaterra,3.2730525793650758,44,TE,416
tre harris,3.265528273809528,126,WR,417
emeka egbuka,3.2655282738095277,129,WR,418
jalen royals,3.2655282738095277,128,WR,419
tory horton,3.2655282738095277,133,WR,420
donte thornton,3.2655282738095277,132,WR,421
tetairoa mcmillan,3.2655282738095277,131,WR,422
elic ayomanor,3.2655282738095277,127,WR,423
kyle williams,3.2655282738095277,134,WR,424
isaac teslaa,3.2655282738095277,135,WR,425
arian smith,3.2655282738095277,130,WR,426
chimere dike,3.265528273809527,137,WR,427
tez johnson,3.265528273809527,141,WR,428
tai felton,3.265528273809527,139,WR,429
savion williams,3.265528273809527,140,WR,430
jaylin lane,3.265528273809527,136,WR,431
jaylin noel,3.265528273809527,138,WR,432
pat bryant,3.2655282738095264,144,WR,433
travis hunter,3.2655282738095264,143,WR,434
jack bech,3.2655282738095264,142,WR,435
jayden higgins,3.2655282738095264,149,WR,436
dominic lovett,3.2655282738095264,148,WR,437
xavier restrepo,3.2655282738095264,147,WR,438
luther burden,3.2655282738095264,146,WR,439
ricky white,3.2655282738095264,145,WR,440
matthew golden,3.2655282738095264,151,WR,441
keandre lambert smith,3.2655282738095264,150,WR,442
konata mumpfield,3.265528273809526,153,WR,443
jordan watkins,3.265528273809526,152,WR,444
derius davis,3.2395460317460287,154,WR,445
ashton dulin,3.2161574404761897,155,WR,446
trey palmer,3.2148703282828293,156,WR,447
khadarel hodge,3.2069856150793625,157,WR,448
dalvin cook,3.1866502976190425,110,RB,449
malik heath,3.1598696428571453,158,WR,450
jamison crowder,3.159293551587299,159,WR,451
liljordan humphrey,3.144799657287156,160,WR,452
cody schrader,3.13029484126984,111,RB,453
theo johnson,3.1138375000000003,45,TE,454
andrei iosivas,3.095559821428574,161,WR,455
bryce ford wheaton,3.090448015873014,162,WR,456
kelly akharaiyi,3.0765657738095276,169,WR,457
antwane wells,3.0765657738095276,167,WR,458
josh kelly,3.0765657738095276,166,WR,459
tommy mellott,3.0765657738095276,175,WR,460
jaseem reed,3.0765657738095276,178,WR,461
giles jackson,3.0765657738095276,177,WR,462
jordan moore,3.0765657738095276,176,WR,463
aj henning,3.0765657738095276,174,WR,464
kaden prather,3.0765657738095276,164,WR,465
quintez cephus,3.0765657738095276,172,WR,466
michael gallup,3.0765657738095276,173,WR,467
tejhaun palmer,3.0765657738095276,165,WR,468
dalevon campbell,3.0765657738095276,168,WR,469
rondale moore,3.0765657738095276,171,WR,470
miles boykin,3.0765657738095276,163,WR,471
dylan drummond,3.0765657738095276,170,WR,472
tahj washington,3.0765657738095267,198,WR,473
junior bergen,3.0765657738095267,202,WR,474
coleman owen,3.0765657738095267,203,WR,475
cornelius johnson,3.0765657738095267,200,WR,476
rashod owens,3.0765657738095267,201,WR,477
qadir ismail,3.0765657738095267,199,WR,478
keith kirkwood,3.0765657738095267,179,WR,479
malik taylor,3.0765657738095267,180,WR,480
patrick edwards,3.0765657738095267,181,WR,481
lance mccutcheon,3.0765657738095267,191,WR,482
jason brownlee,3.0765657738095267,190,WR,483
mitchell tinsley,3.0765657738095267,188,WR,484
mike furrey,3.0765657738095267,224,WR,485
xavier johnson,3.0765657738095267,209,WR,486
cade mcdonald,3.0765657738095267,208,WR,487
ketron jackson,3.0765657738095267,207,WR,488
marko mitchell,3.0765657738095267,225,WR,489
dontae fleming,3.0765657738095267,217,WR,490
jakobie keeney james,3.0765657738095267,216,WR,491
joaquin davis,3.0765657738095267,219,WR,492
robert lewis,3.0765657738095267,218,WR,493
jackson meeks,3.0765657738095267,215,WR,494
ife adeyi,3.0765657738095267,214,WR,495
john stephens,3.0765657738095267,189,WR,496
lawrence cager,3.0765657738095267,206,WR,497
stephen gosnell,3.0765657738095267,220,WR,498
jamoi mayes,3.0765657738095267,221,WR,499
bobby wade,3.0765657738095267,226,WR,500
rod harper,3.0765657738095267,227,WR,501
montorie foster,3.0765657738095267,212,WR,502
tj sheffield,3.0765657738095267,213,WR,503
quentin skinner,3.0765657738095267,205,WR,504
cam camper,3.0765657738095267,204,WR,505
dj montgomery,3.0765657738095267,222,WR,506
nate hughes,3.0765657738095267,223,WR,507
luke floriea,3.0765657738095267,210,WR,508
jacorey brooks,3.0765657738095267,211,WR,509
cole burgess,3.0765657738095267,194,WR,510
monaray baldwin,3.0765657738095267,195,WR,511
ontaria wilson,3.0765657738095267,192,WR,512
zavier scott,3.0765657738095267,193,WR,513
garrett greene,3.0765657738095267,197,WR,514
at perry,3.0765657738095267,196,WR,515
blayne taylor,3.0765657738095267,182,WR,516
dalen cambre,3.0765657738095267,183,WR,517
quez watkins,3.0765657738095267,185,WR,518
elijhah badger,3.0765657738095267,184,WR,519
ajou ajou,3.0765657738095267,187,WR,520
andrew armstrong,3.0765657738095267,186,WR,521
dennis houston,3.0765657738095262,279,WR,522
kawaan baker,3.0765657738095262,278,WR,523
samori toure,3.0765657738095262,276,WR,524
jacob harris,3.0765657738095262,277,WR,525
michael bandy,3.0765657738095262,275,WR,526
dayton wade,3.0765657738095262,272,WR,527
john rhys plumlee,3.0765657738095262,273,WR,528
dorian singer,3.0765657738095262,274,WR,529
nick nash,3.0765657738095262,270,WR,530
lajohntay wester,3.0765657738095262,269,WR,531
traeshin holden,3.0765657738095262,268,WR,532
trishton jackson,3.0765657738095262,271,WR,533
john jackson,3.0765657738095262,248,WR,534
jeshaun jones,3.0765657738095262,249,WR,535
drake stoops,3.0765657738095262,250,WR,536
terique owens,3.0765657738095262,251,WR,537
luke grimm,3.0765657738095262,235,WR,538
keshawn williams,3.0765657738095262,234,WR,539
tru edwards,3.0765657738095262,233,WR,540
hunter renfrow,3.0765657738095262,232,WR,541
sam giguere,3.0765657738095262,228,WR,542
demario ballard,3.0765657738095262,229,WR,543
chris henry,3.0765657738095262,230,WR,544
kenny mckinley,3.0765657738095262,231,WR,545
andre baccellia,3.0765657738095262,240,WR,546
beaux collins,3.0765657738095262,241,WR,547
malik cunningham,3.0765657738095262,242,WR,548
donovan peoples jones,3.0765657738095262,243,WR,549
traeshon holden,3.0765657738095262,244,WR,550
mario williams,3.0765657738095262,245,WR,551
kobe hudson,3.0765657738095262,246,WR,552
john jiles,3.0765657738095262,247,WR,553
moochie dixon,3.0765657738095262,255,WR,554
tyrone broden,3.0765657738095262,254,WR,555
myles price,3.0765657738095262,253,WR,556
tarik black,3.0765657738095262,252,WR,557
jimmy holiday,3.0765657738095262,259,WR,558
jahdae walker,3.0765657738095262,258,WR,559
jahmal banks,3.0765657738095262,257,WR,560
xavier guillory,3.0765657738095262,256,WR,561
eli pancol,3.0765657738095262,283,WR,562
jesse matthews,3.0765657738095262,282,WR,563
matt landers,3.0765657738095262,281,WR,564
tj luther,3.0765657738095262,280,WR,565
theo wease,3.0765657738095262,260,WR,566
taylor morin,3.0765657738095262,261,WR,567
dymere miller,3.0765657738095262,262,WR,568
jeremiah webb,3.0765657738095262,263,WR,569
jacoby jones,3.0765657738095262,264,WR,570
braylon sanders,3.0765657738095262,265,WR,571
jacksin meeks,3.0765657738095262,266,WR,572
jacolby george,3.0765657738095262,267,WR,573
bryson green,3.0765657738095262,236,WR,574
jerjuan newton,3.0765657738095262,237,WR,575
mac dalena,3.0765657738095262,238,WR,576
hal presley,3.0765657738095262,239,WR,577
landon parker,3.0765657738095262,284,WR,578
tyler kahmann,3.0765657738095262,285,WR,579
nate mccollum,3.0765657738095262,286,WR,580
daquan felton,3.0765657738095262,287,WR,581
jaden smith,3.0765657738095262,288,WR,582
chris moore,3.0765657738095262,289,WR,583
phillip dorsett,3.0765657738095262,290,WR,584
deon cain,3.0765657738095262,291,WR,585
quincy skinner,3.076565773809526,293,WR,586
daniel jackson,3.076565773809526,315,WR,587
david sills,3.076565773809526,292,WR,588
chris tyree,3.076565773809526,314,WR,589
will sheppard,3.076565773809526,313,WR,590
jamaal pritchett,3.076565773809526,312,WR,591
efton chism,3.076565773809526,311,WR,592
tj moore,3.076565773809526,310,WR,593
kyrese white,3.076565773809526,316,WR,594
roc taylor,3.076565773809526,298,WR,595
darius cooper,3.076565773809526,299,WR,596
courtney jackson,3.076565773809526,300,WR,597
darius lassiter,3.076565773809526,301,WR,598
brennan presley,3.076565773809526,302,WR,599
kisean johnson,3.076565773809526,303,WR,600
russell gage,3.076565773809526,304,WR,601
thayer thomas,3.076565773809526,305,WR,602
shedrick jackson,3.076565773809526,306,WR,603
michael strachan,3.076565773809526,307,WR,604
lucky jackson,3.076565773809526,308,WR,605
jimmy horn,3.076565773809526,309,WR,606
chandler brayboy,3.076565773809526,294,WR,607
julian hicks,3.076565773809526,295,WR,608
scotty washington,3.076565773809526,296,WR,609
chase cota,3.076565773809526,297,WR,610
mitch van vooren,3.0765657738095253,325,WR,611
gage larvadain,3.0765657738095253,323,WR,612
keyshawn smith,3.0765657738095253,327,WR,613
jaquae jackson,3.0765657738095253,317,WR,614
gunner olszewski,3.0765657738095253,318,WR,615
jordan bly,3.0765657738095253,319,WR,616
jaylen jones,3.0765657738095253,321,WR,617
jp richardson,3.0765657738095253,320,WR,618
silas bolden,3.0765657738095253,322,WR,619
maurice purify,3.0765657738095253,326,WR,620
jamal agnew,3.0765657738095253,324,WR,621
deonte harty,3.0628413690476197,328,WR,622
tommy tremble,3.0542563492063484,46,TE,623
tyler goodson,3.044741269841272,112,RB,624
michael mayer,3.0421726190476197,47,TE,625
braxton berrios,3.0207413690476175,329,WR,626
malik washington,3.0067142857142852,330,WR,627
kj osborn,3.003147519841269,331,WR,628
terrell jennings,2.996487896825398,113,RB,629
tyreik mcallister,2.988018802031303,114,RB,630
jalen brooks,2.986417757936508,332,WR,631
joshua palmer,2.9816233134920624,333,WR,632
simi fehoko,2.979031746031743,334,WR,633
josh whyle,2.974504166666666,48,TE,634
luke schoonmaker,2.9741142857142844,49,TE,635
ryan miller,2.9643662337662335,335,WR,636
zach pascal,2.9467458284770798,336,WR,637
jared wayne,2.9467458284770793,337,WR,638
alex erickson,2.946745828477079,338,WR,639
michael woods,2.940951686507935,339,WR,640
tanner mclachlan,2.9202153950216423,50,TE,641
andrew depaola,2.9202153950216414,51,TE,642
matt orzech,2.920215395021641,53,TE,643
cj uzomah,2.920215395021641,52,TE,644
jack westover,2.9202153950216405,54,TE,645
james winchester,2.9202153950216405,55,TE,646
kene nwangwu,2.8843988275613284,115,RB,647
luke farrell,2.8623523809523816,56,TE,648
erick all,2.851059722222221,57,TE,649
irvin charles,2.81834017857143,340,WR,650
mason tipton,2.805301812770564,341,WR,651
blake watson,2.789436210317459,116,RB,652
tyrion davis price,2.7758208874458887,117,RB,653
kyle juszczyk,2.7188329365079364,118,RB,654
river cracraft,2.7135880952380944,342,WR,655
british brooks,2.7052391365578843,119,RB,656
keshawn vaughn,2.7048554112554126,120,RB,657
dernest johnson,2.700779365079364,121,RB,658
stone smartt,2.677436210317459,58,TE,659
jamaal williams,2.661374702380955,122,RB,660
dj chark,2.660833630952382,343,WR,661
cordarrelle patterson,2.649987500000001,123,RB,662
brenden bates,2.635742884199131,59,TE,663
jordan matthews,2.63574288419913,60,TE,664
jeff wilson,2.6078921626984135,124,RB,665
mecole hardman,2.5722719246031756,344,WR,666
skyy moore,2.558925198412699,345,WR,667
ainias smith,2.5452162698412706,346,WR,668
jermar jefferson,2.5399049603174624,125,RB,669
robert woods,2.52733501984127,347,WR,670
jordan matthews,2.4866095733514832,349,WR,671
justyn ross,2.4866095733514832,348,WR,672
tylan wallace,2.4864428571428574,350,WR,673
jermaine burton,2.4666166666666673,351,WR,674
kameron johnson,2.4501206349206335,352,WR,675
joshua kelley,2.434545299839052,126,RB,676
ian thomas,2.4288800595238094,61,TE,677
ronnie rivers,2.4237271825396838,127,RB,678
nick vannett,2.4156413690476204,62,TE,679
justin watson,2.412051289682538,353,WR,680
justin hardee,2.4010287649850146,354,WR,681
ramel keyton,2.390742361111111,355,WR,682
dj turner,2.387748611111113,356,WR,683
kevin austin,2.3804566468253983,357,WR,684
van jefferson,2.3786815476190473,358,WR,685
jermaine jackson,2.366013288794539,359,WR,686
dareke young,2.364049702380953,360,WR,687
jonathan ward,2.3620103174603178,128,RB,688
tyreik mcallister,2.357257222271192,361,WR,689
maurice alexander,2.3572572222711914,362,WR,690
seth williams,2.3572572222711914,363,WR,691
luke mccaffrey,2.3471413961038965,364,WR,692
nikko remigio,2.3461478174603183,365,WR,693
tanner hudson,2.345415124458875,63,TE,694
jamycal hasty,2.3348815836940817,129,RB,695
jalen reagor,2.3315726190476207,366,WR,696
deuce vaughn,2.3212722222222224,130,RB,697
durham smythe,2.319222321428572,64,TE,698
andrew beck,2.307844489538238,65,TE,699
andrew beck,2.3067476572039074,131,RB,700
nyheim miller hines,2.306747657203907,132,RB,701
dante miller,2.306747657203907,134,RB,702
troy hairston,2.306747657203907,133,RB,703
kendall milton,2.3067476572039065,136,RB,704
khari blasingame,2.3067476572039065,135,RB,705
parris campbell,2.293877976190477,367,WR,706
lucas krull,2.284666964285712,66,TE,707
harrison bryant,2.2806787698412703,67,TE,708
mike williams,2.258026091269842,368,WR,709
trenton irwin,2.20670128968254,369,WR,710
payne durham,2.201850595238096,68,TE,711
john metchie,2.186554761904763,370,WR,712
devontez walker,2.1826692460317485,371,WR,713
darrynton evans,2.1770777153402134,137,RB,714
brevyn spann ford,2.1724722222222224,69,TE,715
hayden hurst,2.1672629960317455,70,TE,716
kadarius toney,2.156220634920634,372,WR,717
ronnie bell,2.154807043650795,373,WR,718
jeremy ruckert,2.1439555555555554,71,TE,719
jhaquan jackson,2.1408639880952385,374,WR,720
johnny mundt,2.1315106150793675,72,TE,721
cade stover,2.0962815476190495,73,TE,722
jahan dotson,2.090595039682539,375,WR,723
kazmeir allen,2.0895170177045213,138,RB,724
keaontay ingram,2.089517017704521,139,RB,725
gary brightwell,2.0895170177045204,143,RB,726
keilan robinson,2.0895170177045204,141,RB,727
john kelly,2.0895170177045204,142,RB,728
dj williams,2.0895170177045204,144,RB,729
lamical perine,2.0895170177045204,140,RB,730
jakob johnson,2.08951701770452,145,RB,731
jabari small,2.08951701770452,146,RB,732
jalin hyatt,2.0869715097402612,376,WR,733
tyquan thornton,2.0538439484126996,377,WR,734
hunter long,2.016996428571429,74,TE,735
mo alie cox,2.008779067460317,75,TE,736
dee eskridge,1.9924778769841256,378,WR,737
gerald everett,1.9912113095238089,76,TE,738
pharaoh brown,1.9872038690476201,77,TE,739
elijah higgins,1.9805545634920636,78,TE,740
jelani woods,1.9799297619047618,79,TE,741
laviska shenault,1.9744682539682517,379,WR,742
brevin jordan,1.9669180555555557,80,TE,743
greg dulcich,1.9614347222222233,81,TE,744
javon baker,1.9094293650793666,380,WR,745
darnell washington,1.9068021825396846,82,TE,746
austin trammell,1.9056852321289843,381,WR,747
johnny wilson,1.8982708333333342,382,WR,748
blake whiteheart,1.8836236020923525,83,TE,749
britain covey,1.8502488095238083,383,WR,750
jacob cowing,1.8408765873015875,384,WR,751
drew ogletree,1.8307899711399724,84,TE,752
dee williams,1.814651190476191,385,WR,753
luke musgrave,1.8064358134920633,85,TE,754
eric saubert,1.7979470238095252,86,TE,755
allen robinson,1.7961917478354994,386,WR,756
reggie gilliam,1.7937403769841263,147,RB,757
odell beckham,1.7704263798701292,387,WR,758
tom kennedy,1.7661688672438658,388,WR,759
gunnar helm,1.7558014880952393,89,TE,760
oronde gadsden,1.7558014880952393,88,TE,761
luke lachey,1.7558014880952393,90,TE,762
thomas fidone,1.7558014880952393,91,TE,763
elijah arroyo,1.7558014880952393,87,TE,764
colston loveland,1.755801488095239,95,TE,765
tyler warren,1.755801488095239,94,TE,766
mitchell evans,1.755801488095239,93,TE,767
terrance ferguson,1.755801488095239,96,TE,768
mason taylor,1.755801488095239,92,TE,769
harold fannin,1.7558014880952384,97,TE,770
gavin bartholomew,1.7558014880952384,98,TE,771
isaiah williams,1.7393312500000007,389,WR,772
michael burton,1.7367244047619044,148,RB,773
hunter luepke,1.7328001984126997,149,RB,774
chris collier,1.729314980158731,150,RB,775
julian hill,1.7205817460317476,99,TE,776
charlie kolar,1.7119520833333355,100,TE,777
xavier hutchinson,1.6935213203463209,390,WR,778
daniel bellinger,1.6833064484126985,101,TE,779
malachi corley,1.6615338113275622,391,WR,780
deven thompkins,1.6607014249639247,392,WR,781
robbie chosen,1.6489074148074137,393,WR,782
deandre carter,1.636426587301588,394,WR,783
will mallory,1.6316068542568538,102,TE,784
nate adkins,1.6254707341269836,103,TE,785
rakim jarrett,1.6230855158730164,395,WR,786
cj dippre,1.6087842261904777,107,TE,787
albert okwuegbunam,1.6087842261904777,104,TE,788
shawn bowman,1.6087842261904777,105,TE,789
bryson nesbit,1.6087842261904777,106,TE,790
tyler neville,1.6087842261904775,109,TE,791
patrick herbert,1.6087842261904775,112,TE,792
john copenhaver,1.6087842261904775,113,TE,793
cole turner,1.6087842261904775,116,TE,794
tanner taula,1.6087842261904775,111,TE,795
nick kallerup,1.6087842261904775,108,TE,796
caleb lohner,1.6087842261904775,110,TE,797
jordan petaia,1.6087842261904775,122,TE,798
robbie ouzts,1.6087842261904775,114,TE,799
nikola kalinic,1.6087842261904775,121,TE,800
stephen carlson,1.6087842261904775,123,TE,801
joey haynos,1.6087842261904775,120,TE,802
gee scott,1.6087842261904775,117,TE,803
robert tonyan,1.6087842261904775,118,TE,804
darnell dinkins,1.6087842261904775,119,TE,805
cameron latu,1.6087842261904775,115,TE,806
caden prieskorn,1.608784226190477,139,TE,807
treyton welch,1.608784226190477,140,TE,808
neal johnson,1.608784226190477,141,TE,809
joel wilson,1.608784226190477,142,TE,810
anthony torres,1.608784226190477,163,TE,811
dj thomas jones,1.608784226190477,164,TE,812
jordan murray,1.608784226190477,165,TE,813
mitch van vooren,1.608784226190477,166,TE,814
derek fine,1.608784226190477,158,TE,815
drake dunsmore,1.608784226190477,157,TE,816
donald parham,1.608784226190477,156,TE,817
jp foschi,1.608784226190477,155,TE,818
james mitchell,1.608784226190477,159,TE,819
moliki matavao,1.608784226190477,160,TE,820
mason pline,1.608784226190477,161,TE,821
keith zinger,1.608784226190477,154,TE,822
stevo klotz,1.608784226190477,162,TE,823
dalton keene,1.608784226190477,147,TE,824
scotty washington,1.608784226190477,148,TE,825
qadir ismail,1.608784226190477,133,TE,826
jake briningstool,1.608784226190477,132,TE,827
mark redman,1.608784226190477,131,TE,828
marshall lang,1.608784226190477,138,TE,829
matt sokol,1.608784226190477,153,TE,830
mitchell wilcox,1.608784226190477,146,TE,831
tyler mabry,1.608784226190477,145,TE,832
chris myarick,1.608784226190477,144,TE,833
mccallan castles,1.608784226190477,143,TE,834
keleki latu,1.608784226190477,150,TE,835
sean mckeon,1.608784226190477,149,TE,836
maximilian mang,1.608784226190477,152,TE,837
ben yurosek,1.608784226190477,151,TE,838
hayden rucci,1.608784226190477,128,TE,839
cole fotheringham,1.608784226190477,136,TE,840
jacob harris,1.608784226190477,137,TE,841
sal cannella,1.608784226190477,135,TE,842
jalin conyers,1.608784226190477,130,TE,843
joshua simon,1.608784226190477,129,TE,844
zaire mitchell paden,1.608784226190477,134,TE,845
marquez branson,1.608784226190477,125,TE,846
james dearth,1.608784226190477,124,TE,847
tyree jackson,1.608784226190477,127,TE,848
tyler ott,1.608784226190477,126,TE,849
oscar cardenas,1.6087842261904768,180,TE,850
messiah swinson,1.6087842261904768,173,TE,851
carter runyon,1.6087842261904768,177,TE,852
zach horton,1.6087842261904768,181,TE,853
justin snow,1.6087842261904768,182,TE,854
thomas gordon,1.6087842261904768,167,TE,855
brad cottam,1.6087842261904768,169,TE,856
jackson hawes,1.6087842261904768,168,TE,857
drake dabney,1.6087842261904768,179,TE,858
dominique curry,1.6087842261904768,183,TE,859
john stephens,1.6087842261904768,174,TE,860
bryce pierre,1.6087842261904768,175,TE,861
tre watson,1.6087842261904768,178,TE,862
johnny lumpkin,1.6087842261904768,170,TE,863
jj galbreath,1.6087842261904768,172,TE,864
georquarius spivey,1.6087842261904768,176,TE,865
lawrence cager,1.6087842261904768,171,TE,866
jermaine terry,1.6087842261904766,185,TE,867
michael jacobson,1.6087842261904766,188,TE,868
rivaldo fairweather,1.6087842261904766,187,TE,869
dominique dafney,1.6087842261904766,184,TE,870
giovanni ricci,1.6087842261904766,186,TE,871
jake tonges,1.6005294642857157,189,TE,872
brady russell,1.6005294642857155,190,TE,873
chris blair,1.5947295454545456,396,WR,874
alec ingold,1.5906928571428562,151,RB,875
ihmir smith marsette,1.5883980158730169,397,WR,876
scotty miller,1.5743720238095233,398,WR,877
cody white,1.55506875,399,WR,878
feleipe franks,1.548645833333335,191,TE,879
connor heyward,1.537722817460317,192,TE,880
quinton bell,1.5333616071428608,400,WR,881
mycole pruitt,1.5276616071428561,193,TE,882
devin culp,1.5239345238095252,194,TE,883
terrace marshall,1.517017956349206,401,WR,884
ko kieft,1.516825,195,TE,885
jody fortson,1.5054903138528126,196,TE,886
treylon burks,1.5025581349206347,402,WR,887
dylan laube,1.4833116883116881,152,RB,888
geoff swaim,1.4769195436507925,197,TE,889
john samuel shenker,1.4769195436507923,198,TE,890
quintin morris,1.4599204274891773,199,TE,891
brock wright,1.4496579004329009,200,TE,892
brayden willis,1.4243153769841277,201,TE,893
avery williams,1.4051366071428606,403,WR,894
ross dwelley,1.3975470238095227,202,TE,895
myles gaskin,1.3888374007936506,153,RB,896
devin duvernay,1.3873790674603166,404,WR,897
zach davidson,1.3752969606782102,203,TE,898
john bates,1.3605714736652232,204,TE,899
deejay dallas,1.3565512896825387,154,RB,900
eric gray,1.3274420634920625,155,RB,901
jamari thrash,1.3237794011544006,405,WR,902
ben skowronek,1.3218258297258294,406,WR,903
collin johnson,1.3178847222222234,407,WR,904
marcedes lewis,1.3178238095238095,205,TE,905
ben sinnott,1.3130404761904761,206,TE,906
tim jones,1.3118591269841264,408,WR,907
tip reiman,1.302239583333332,207,TE,908
ryan flournoy,1.2945410714285717,409,WR,909
roman wilson,1.2930036252672759,410,WR,910
bo melton,1.2901641865079359,411,WR,911
trent sherfield,1.2744035533910525,412,WR,912
ej jenkins,1.2714826388888891,208,TE,913
colson yankoff,1.2698190205627702,209,TE,914
mitchell fraboni,1.26981902056277,210,TE,915
drew sample,1.2672200396825402,211,TE,916
chris manhertz,1.2550948412698408,212,TE,917
ben sims,1.24441994047619,213,TE,918
cj ham,1.234101587301587,156,RB,919
tucker fisk,1.2227861111111098,214,TE,920
john fitzpatrick,1.1997517857142859,215,TE,921
davis allen,1.183101235569987,216,TE,922
zach wood,1.1688336309523804,217,TE,923
leroy watson,1.1688336309523801,219,TE,924
parker hesse,1.1688336309523801,218,TE,925
josiah deguara,1.1601960497835495,220,TE,926
brandon johnson,1.1598560876623372,413,WR,927
alex bachman,1.1543617424242427,414,WR,928
jared wiley,1.1521729166666663,221,TE,929
casey washington,1.1499671817153427,415,WR,930
kenny yeboah,1.1262875,222,TE,931
chris conley,1.1213193452380952,416,WR,932
dan chisena,1.1164744047619042,417,WR,933
tanner conner,1.1123351641414154,223,TE,934
dallin holker,1.1076330086580084,224,TE,935
sione vaki,1.0988592261904746,157,RB,936
charlie jones,1.084659460678211,418,WR,937
justin shorter,1.0832086309523816,225,TE,938
xavier gipson,1.0466847222222215,419,WR,939
anthony firkser,1.033118641774892,226,TE,940
zack kuntz,1.0331186417748919,232,TE,941
rodney williams,1.0331186417748919,227,TE,942
travis vokolek,1.0331186417748919,228,TE,943
teagan quitoriano,1.0331186417748919,229,TE,944
patrick scales,1.0331186417748919,230,TE,945
nick muse,1.0331186417748919,231,TE,946
thomas odukoya,1.0331186417748917,233,TE,947
baylor cupp,1.0100174152236663,234,TE,948
stephen sullivan,1.010017415223666,235,TE,949
grant dubose,1.0088062271062264,420,WR,950
tyler scott,0.9985202380952374,421,WR,951
mason kinsey,0.9842679924242422,422,WR,952
jaelon darden,0.9826869047619042,423,WR,953
anthony gould,0.9758754329004325,424,WR,954
joshua cephus,0.9601917614366628,425,WR,955
brandon smith,0.9601917614366627,429,WR,956
jalen guyton,0.9601917614366627,427,WR,957
cody thompson,0.9601917614366627,428,WR,958
kj hamler,0.9601917614366627,426,WR,959
kaden davis,0.9601917614366626,432,WR,960
brenden rice,0.9601917614366626,431,WR,961
equanimeous st brown,0.9601917614366626,435,WR,962
elijah cooks,0.9601917614366626,436,WR,963
jalen cropper,0.9601917614366626,433,WR,964
jaylen johnson,0.9601917614366626,434,WR,965
montrell washington,0.9601917614366626,430,WR,966
kazmeir allen,0.9601917614366624,439,WR,967
dez fitzpatrick,0.9601917614366624,438,WR,968
laquon treadwell,0.9601917614366624,437,WR,969
xavier smith,0.9453299963924962,440,WR,970
charlie woerner,0.9427933982683996,236,TE,971
travis homer,0.9328810973748475,158,RB,972
shane zylstra,0.9246255952380948,237,TE,973
brandon powell,0.9197793470418469,441,WR,974
colson yankoff,0.9085777597402602,159,RB,975
cam grandy,0.905740476190476,238,TE,976
patrick ricard,0.8897916666666659,160,RB,977
peyton hendershot,0.8769141865079362,239,TE,978
bryce oliver,0.8762704365079359,442,WR,979
eric tomlinson,0.8753365800865807,240,TE,980
david martin robinson,0.868462202380952,241,TE,981
john ross,0.8496615363802863,443,WR,982
jack stoll,0.8259587662337664,242,TE,983
trent taylor,0.7900162698412682,444,WR,984
james proche,0.7547190476190476,445,WR,985
jaheim bell,0.747895833333333,243,TE,986
velus jones,0.6965848214285699,446,WR,987
kendric pryor,0.6846583333333319,447,WR,988
brady russell,0.6516596410533911,161,RB,989
avery williams,0.6366095238095241,162,RB,990
anthony miller,0.606388888888888,448,WR,991
damien martinez,0.5942004960317462,163,RB,992
brashard smith,0.5942004960317462,164,RB,993
quinshon judkins,0.5942004960317461,174,RB,994
treveyon henderson,0.5942004960317461,167,RB,995
cam skattebo,0.5942004960317461,172,RB,996
devin neal,0.5942004960317461,171,RB,997
jordan james,0.5942004960317461,175,RB,998
donovan edwards,0.5942004960317461,183,RB,999
ashton jeanty,0.5942004960317461,165,RB,1000
raheim sanders,0.5942004960317461,166,RB,1001
lequint allen,0.5942004960317461,184,RB,1002
dj giddens,0.5942004960317461,173,RB,1003
jaydon blue,0.5942004960317461,177,RB,1004
jarquez hunter,0.5942004960317461,176,RB,1005
israel abanikanda,0.5942004960317461,179,RB,1006
dylan sampson,0.5942004960317461,182,RB,1007
phil mafah,0.5942004960317461,181,RB,1008
omarion hampton,0.5942004960317461,168,RB,1009
bhayshul tuten,0.5942004960317461,169,RB,1010
ollie gordon,0.5942004960317461,170,RB,1011
tahj brooks,0.5942004960317461,178,RB,1012
kaleb johnson,0.5942004960317461,180,RB,1013
kalel mullings,0.594200496031746,187,RB,1014
trevor etienne,0.594200496031746,185,RB,1015
marcus yarns,0.594200496031746,188,RB,1016
kyle monangai,0.594200496031746,186,RB,1017
jacory croskey merritt,0.5787004960317461,189,RB,1018
rj harvey,0.5787004960317461,190,RB,1019
woody marks,0.578700496031746,191,RB,1020
brycen tremayne,0.5748666666666659,449,WR,1021
princeton fant,0.5709844967532459,244,TE,1022
irv smith,0.5709844967532458,245,TE,1023
scott matlock,0.5685741071428578,192,RB,1024
trayveon williams,0.5508185335497829,193,RB,1025
zonovan knight,0.4805338293650794,197,RB,1026
taquan mizzell,0.4805338293650794,194,RB,1027
montrell johnson,0.4805338293650794,196,RB,1028
elijah dotson,0.4805338293650794,195,RB,1029
lan larison,0.4805338293650793,211,RB,1030
frank gore,0.4805338293650793,209,RB,1031
lew nichols,0.4805338293650793,207,RB,1032
tim flanders,0.4805338293650793,210,RB,1033
deion hankins,0.4805338293650793,212,RB,1034
owen wright,0.4805338293650793,206,RB,1035
elijah young,0.4805338293650793,204,RB,1036
amar johnson,0.4805338293650793,200,RB,1037
mike weber,0.4805338293650793,201,RB,1038
samkon gado,0.4805338293650793,202,RB,1039
javian hawkins,0.4805338293650793,199,RB,1040
evan hull,0.4805338293650793,205,RB,1041
jordan waters,0.4805338293650793,208,RB,1042
madison hedgecock,0.4805338293650793,203,RB,1043
brock lampe,0.4805338293650793,198,RB,1044
zavier scott,0.4805338293650792,237,RB,1045
josh williams,0.4805338293650792,235,RB,1046
shane bannon,0.4805338293650792,230,RB,1047
kayron lynch adams,0.4805338293650792,226,RB,1048
jalen white,0.4805338293650792,227,RB,1049
dj thomas jones,0.4805338293650792,228,RB,1050
kye robichaux,0.4805338293650792,229,RB,1051
demetric felton,0.4805338293650792,225,RB,1052
jawhar jordan,0.4805338293650792,236,RB,1053
quali conley,0.4805338293650792,221,RB,1054
brennan clay,0.4805338293650792,218,RB,1055
xavier omon,0.4805338293650792,215,RB,1056
dantrell savage,0.4805338293650792,216,RB,1057
marcus major,0.4805338293650792,217,RB,1058
salvon ahmed,0.4805338293650792,238,RB,1059
lucas scott,0.4805338293650792,219,RB,1060
jacardia wright,0.4805338293650792,222,RB,1061
jay finley,0.4805338293650792,214,RB,1062
lawrance toafili,0.4805338293650792,234,RB,1063
ahmani marshall,0.4805338293650792,223,RB,1064
jaret patterson,0.4805338293650792,224,RB,1065
corey kiner,0.4805338293650792,231,RB,1066
shunderrick powell,0.4805338293650792,220,RB,1067
ulysses bentley,0.4805338293650792,233,RB,1068
willie carter,0.4805338293650792,213,RB,1069
ellis merriweather,0.4805338293650792,232,RB,1070
max hurleman,0.48053382936507916,245,RB,1071
anthony alridge,0.48053382936507916,241,RB,1072
garrett mills,0.48053382936507916,240,RB,1073
kenny irons,0.48053382936507916,239,RB,1074
robbie ouzts,0.48053382936507916,249,RB,1075
emani bailey,0.48053382936507916,250,RB,1076
ian wheeler,0.48053382936507916,244,RB,1077
jacob saylors,0.48053382936507916,243,RB,1078
nathan carter,0.48053382936507916,242,RB,1079
tre stewart,0.48053382936507916,246,RB,1080
rushawn baker,0.48053382936507916,247,RB,1081
toa taua,0.48053382936507916,248,RB,1082
chris tyree,0.48053382936507916,251,RB,1083
anthony tyus,0.4805338293650791,253,RB,1084
carlos washington,0.4805338293650791,254,RB,1085
jashaun corbin,0.4805338293650791,256,RB,1086
jaquinden jackson,0.4805338293650791,255,RB,1087
chad simpson,0.4805338293650791,252,RB,1088
isaiah hodgins,0.47192400793650696,450,WR,1089
adam prentice,0.4472897817460315,257,RB,1090
ben vansumeren,0.4337605158730162,258,RB,1091
